{"mean":{"confidence_interval":{"confidence_level":0.95,"lower_bound":0.0023266424814341324,"upper_bound":0.008573726810052118},"point_estimate":0.005102784914593705,"standard_error":0.0015694574207711846},"median":{"confidence_interval":{"confidence_level":0.95,"lower_bound":0.0008891442584721965,"upper_bound":0.004978022892241363},"point_estimate":0.002628907253734214,"standard_error":0.0010502457727416673}}