{"mean":{"confidence_interval":{"confidence_level":0.95,"lower_bound":-0.0028435302162377104,"upper_bound":0.0010580585384554193},"point_estimate":-0.0008912787556619728,"standard_error":0.0009959546668985371},"median":{"confidence_interval":{"confidence_level":0.95,"lower_bound":-0.0016684557108284093,"upper_bound":0.0002533482867146386},"point_estimate":-0.0007711873647152645,"standard_error":0.000477393620404773}}