{"mean":{"confidence_interval":{"confidence_level":0.95,"lower_bound":0.008285566200163309,"upper_bound":0.011799609305547165},"point_estimate":0.010148020262189084,"standard_error":0.0008979591024481761},"median":{"confidence_interval":{"confidence_level":0.95,"lower_bound":0.00985564861186683,"upper_bound":0.01323175985164493},"point_estimate":0.011849285981455626,"standard_error":0.0008920325285784016}}