{"mean":{"confidence_interval":{"confidence_level":0.95,"lower_bound":-0.0032537783152412564,"upper_bound":0.00618133468963623},"point_estimate":0.0014398121482597226,"standard_error":0.0022495587480762047},"median":{"confidence_interval":{"confidence_level":0.95,"lower_bound":0.0012011894830985526,"upper_bound":0.002062390687548715},"point_estimate":0.0016274911175182538,"standard_error":0.00022583186944680328}}