{"mean":{"confidence_interval":{"confidence_level":0.95,"lower_bound":-0.009928991831591929,"upper_bound":-0.00025616721320653437},"point_estimate":-0.0049309101165802005,"standard_error":0.0024702804109573034},"median":{"confidence_interval":{"confidence_level":0.95,"lower_bound":-0.004040279724888851,"upper_bound":-0.00325928757844296},"point_estimate":-0.003599824938203433,"standard_error":0.00020490606830924837}}