{"mean":{"confidence_interval":{"confidence_level":0.95,"lower_bound":-0.01264503715296525,"upper_bound":-0.006532492782238525},"point_estimate":-0.010326881230097507,"standard_error":0.0017119509076275235},"median":{"confidence_interval":{"confidence_level":0.95,"lower_bound":-0.012451287116808906,"upper_bound":-0.011537057799806015},"point_estimate":-0.011966024274502551,"standard_error":0.0002286119706471169}}