{"mean":{"confidence_interval":{"confidence_level":0.95,"lower_bound":-0.0013923089564589679,"upper_bound":0.001066946504858246},"point_estimate":-0.00023736554751141448,"standard_error":0.0006335460609929591},"median":{"confidence_interval":{"confidence_level":0.95,"lower_bound":-0.0019174994153541292,"upper_bound":0.0011605677485222454},"point_estimate":-0.00017218333528745688,"standard_error":0.0008347364791270581}}