{"mean":{"confidence_interval":{"confidence_level":0.95,"lower_bound":-0.0015852194387608756,"upper_bound":0.001300587614119707},"point_estimate":-0.00017946639161914302,"standard_error":0.0007356283033697464},"median":{"confidence_interval":{"confidence_level":0.95,"lower_bound":-0.002250580282532444,"upper_bound":0.0014709670781374307},"point_estimate":-0.0009314764109160656,"standard_error":0.0009619665934627283}}