{"mean":{"confidence_interval":{"confidence_level":0.95,"lower_bound":-0.0016799604512963097,"upper_bound":0.0011368609973975983},"point_estimate":-0.00021711631407661525,"standard_error":0.000721739270959864},"median":{"confidence_interval":{"confidence_level":0.95,"lower_bound":-0.0016716890579078214,"upper_bound":0.002034989599015491},"point_estimate":0.00022617708381189594,"standard_error":0.0009887935035849211}}