{"mean":{"confidence_interval":{"confidence_level":0.95,"lower_bound":0.31095344233673045,"upper_bound":0.3129071067205705},"point_estimate":0.31165100845760046,"standard_error":0.0005743895402672746},"median":{"confidence_interval":{"confidence_level":0.95,"lower_bound":0.3106920537303975,"upper_bound":0.3109567318171806},"point_estimate":0.31084829164930106,"standard_error":0.0000640811135771149},"median_abs_dev":{"confidence_interval":{"confidence_level":0.95,"lower_bound":0.00023154602090412723,"upper_bound":0.0004971582723743692},"point_estimate":0.0003865590319644288,"standard_error":0.00006661784546710727},"slope":{"confidence_interval":{"confidence_level":0.95,"lower_bound":0.3109388354500451,"upper_bound":0.3111884941366819},"point_estimate":0.31105599541856166,"standard_error":0.00006407114247151721},"std_dev":{"confidence_interval":{"confidence_level":0.95,"lower_bound":0.0005690618640906944,"upper_bound":0.009855350100577491},"point_estimate":0.005788033821361276,"standard_error":0.003228704005888827}}