{"mean":{"confidence_interval":{"confidence_level":0.95,"lower_bound":0.04476923261110768,"upper_bound":0.05255673540257053},"point_estimate":0.04899632473202997,"standard_error":0.001989305136568979},"median":{"confidence_interval":{"confidence_level":0.95,"lower_bound":0.04815232426713112,"upper_bound":0.05130556648565244},"point_estimate":0.049514740345895536,"standard_error":0.0008045688563457977}}