{"mean":{"confidence_interval":{"confidence_level":0.95,"lower_bound":-0.002983928976572533,"upper_bound":0.0022693997619528516},"point_estimate":-0.00012351264547283414,"standard_error":0.0013364252655570427},"median":{"confidence_interval":{"confidence_level":0.95,"lower_bound":-0.0022424129363115513,"upper_bound":0.0011401107259807475},"point_estimate":-0.0007489833662835954,"standard_error":0.000865853287655228}}