{"mean":{"confidence_interval":{"confidence_level":0.95,"lower_bound":-0.012846198927615939,"upper_bound":-0.005910957121037805},"point_estimate":-0.009579905482688167,"standard_error":0.0017596052545447041},"median":{"confidence_interval":{"confidence_level":0.95,"lower_bound":-0.01233081844930517,"upper_bound":-0.009205490813240846},"point_estimate":-0.010536329930441513,"standard_error":0.0007849877150108177}}