{"mean":{"confidence_interval":{"confidence_level":0.95,"lower_bound":-0.01943088668389378,"upper_bound":-0.00998212962040466},"point_estimate":-0.015094672437397705,"standard_error":0.0024638859380630256},"median":{"confidence_interval":{"confidence_level":0.95,"lower_bound":-0.017935109138584537,"upper_bound":-0.01712949699609989},"point_estimate":-0.01744900959647111,"standard_error":0.00020134264386464796}}