{"mean":{"confidence_interval":{"confidence_level":0.95,"lower_bound":-0.007562970941645255,"upper_bound":0.0024968298121766596},"point_estimate":-0.0019619587252969195,"standard_error":0.002585703878118251},"median":{"confidence_interval":{"confidence_level":0.95,"lower_bound":-0.00021119607889574787,"upper_bound":0.0004987162485661223},"point_estimate":0.00002308484175683745,"standard_error":0.0001832725196455393}}