{"mean":{"confidence_interval":{"confidence_level":0.95,"lower_bound":-0.002801139234161434,"upper_bound":0.004077334333183548},"point_estimate":0.00008914323898423504,"standard_error":0.001730045555182269},"median":{"confidence_interval":{"confidence_level":0.95,"lower_bound":-0.0002356099748977991,"upper_bound":0.00045899034241014824},"point_estimate":0.00006847912760132857,"standard_error":0.00018262299477943958}}