{"mean":{"confidence_interval":{"confidence_level":0.95,"lower_bound":-0.0000275675739486016,"upper_bound":0.011254209588819808},"point_estimate":0.0046671589993565465,"standard_error":0.0029137018049136734},"median":{"confidence_interval":{"confidence_level":0.95,"lower_bound":-0.0005282286650279966,"upper_bound":0.0003703364263529796},"point_estimate":-0.00022707692245571565,"standard_error":0.0002259278978074161}}