{"mean":{"confidence_interval":{"confidence_level":0.95,"lower_bound":-0.00486828160170733,"upper_bound":0.001500302604752769},"point_estimate":-0.0014081272047654636,"standard_error":0.0016342299981110158},"median":{"confidence_interval":{"confidence_level":0.95,"lower_bound":-0.0001303425546597148,"upper_bound":0.0010362962860199776},"point_estimate":0.0004516744593192623,"standard_error":0.0002923373140490023}}