{"mean":{"confidence_interval":{"confidence_level":0.95,"lower_bound":-0.009362674884883414,"upper_bound":0.002772405642826585},"point_estimate":-0.002642689945568044,"standard_error":0.0031101204106250262},"median":{"confidence_interval":{"confidence_level":0.95,"lower_bound":-0.0007439387099718031,"upper_bound":0.00038948659951087983},"point_estimate":-0.00010947926510962436,"standard_error":0.0002813099883873049}}