{
  "results": [
    {
      "command": "./target/release/inferno-baseline play --prompt \"what is python?\" --model-path \"/home/jeef/.inferno/models/TinyLlama_TinyLlama-1.1B-Chat-v1.0/model.safetensors\"",
      "mean": 2.0001647995400003,
      "stddev": 0.00541855278777531,
      "median": 2.00062134604,
      "user": 1.1962684399999999,
      "system": 0.74012236,
      "min": 1.99025361404,
      "max": 2.00758265804,
      "times": [
        2.00447493304,
        1.99533413604,
        2.00758265804,
        2.00418447204,
        2.00481460604,
        1.9947282020400001,
        1.9990326820400002,
        1.99025361404,
        2.00047297804,
        2.00076971404
      ],
      "exit_codes": [
        0,
        0,
        0,
        0,
        0,
        0,
        0,
        0,
        0,
        0
      ]
    },
    {
      "command": "./target/release/inferno-pgo play --prompt \"what is python?\" --model-path \"/home/jeef/.inferno/models/TinyLlama_TinyLlama-1.1B-Chat-v1.0/model.safetensors\"",
      "mean": 1.97751796554,
      "stddev": 0.044548899964444715,
      "median": 1.9925433760400002,
      "user": 1.16026444,
      "system": 0.7446735600000001,
      "min": 1.85149076604,
      "max": 1.99910560604,
      "times": [
        1.98135677404,
        1.99910560604,
        1.9941891090400001,
        1.98893151804,
        1.85149076604,
        1.9916567820400002,
        1.9934299700400002,
        1.99393324004,
        1.9942690060400001,
        1.98681688404
      ],
      "exit_codes": [
        0,
        0,
        0,
        0,
        0,
        0,
        0,
        0,
        0,
        0
      ]
    }
  ]
}
