{
  "results": [
    {
      "command": "./target/release/inferno-baseline play --prompt \"hi\" --model-path \"/home/jeef/.inferno/models/TinyLlama_TinyLlama-1.1B-Chat-v1.0/model.safetensors\"",
      "mean": 1.9945789428,
      "stddev": 0.005686186325685962,
      "median": 1.9960157826,
      "user": 1.1870083599999999,
      "system": 0.7378134199999999,
      "min": 1.9842291441000002,
      "max": 2.0012303870999997,
      "times": [
        2.0012303870999997,
        1.9957529261,
        1.9988490601000002,
        1.9851266521000002,
        1.9842291441000002,
        1.9984211481,
        1.9941138131,
        1.9962786391,
        1.9937315681,
        1.9980560901000002
      ],
      "exit_codes": [
        0,
        0,
        0,
        0,
        0,
        0,
        0,
        0,
        0,
        0
      ]
    },
    {
      "command": "./target/release/inferno-pgo play --prompt \"hi\" --model-path \"/home/jeef/.inferno/models/TinyLlama_TinyLlama-1.1B-Chat-v1.0/model.safetensors\"",
      "mean": 1.9880335177000004,
      "stddev": 0.0071610812396807845,
      "median": 1.9895567366,
      "user": 1.1744653600000001,
      "system": 0.7405325200000001,
      "min": 1.9784433861000001,
      "max": 1.9973904661,
      "times": [
        1.9923441701000002,
        1.9833066871,
        1.9973904661,
        1.9805050211000002,
        1.9955461011000002,
        1.9945966541000002,
        1.9892037601,
        1.9790892181000002,
        1.9784433861000001,
        1.9899097131
      ],
      "exit_codes": [
        0,
        0,
        0,
        0,
        0,
        0,
        0,
        0,
        0,
        0
      ]
    }
  ]
}
