{"mean":{"confidence_interval":{"confidence_level":0.95,"lower_bound":12.247766357711672,"upper_bound":12.284668908282278},"point_estimate":12.265438965721039,"standard_error":0.009412415166616324},"median":{"confidence_interval":{"confidence_level":0.95,"lower_bound":12.246146071490797,"upper_bound":12.264102080003303},"point_estimate":12.254275962967299,"standard_error":0.0044395039241058015},"median_abs_dev":{"confidence_interval":{"confidence_level":0.95,"lower_bound":0.040262775771121535,"upper_bound":0.07229126146246112},"point_estimate":0.05566377426928974,"standard_error":0.007986892293604447},"slope":{"confidence_interval":{"confidence_level":0.95,"lower_bound":12.247118442968107,"upper_bound":12.280276608245835},"point_estimate":12.262776913502515,"standard_error":0.00844002133849959},"std_dev":{"confidence_interval":{"confidence_level":0.95,"lower_bound":0.06604320803904462,"upper_bound":0.12499750951278353},"point_estimate":0.09445050628247995,"standard_error":0.015632674848864016}}