{"mean":{"confidence_interval":{"confidence_level":0.95,"lower_bound":0.004860070958217003,"upper_bound":0.004872838840085963},"point_estimate":0.004865391770512312,"standard_error":3.340268514117044e-6},"median":{"confidence_interval":{"confidence_level":0.95,"lower_bound":0.004856801767965591,"upper_bound":0.004860896620961305},"point_estimate":0.004858618957052816,"standard_error":1.0677590691226532e-6},"median_abs_dev":{"confidence_interval":{"confidence_level":0.95,"lower_bound":5.2428228473865236e-6,"upper_bound":8.673692447193697e-6},"point_estimate":6.6544201125033e-6,"standard_error":8.344927501837032e-7},"slope":{"confidence_interval":{"confidence_level":0.95,"lower_bound":0.004859579552341616,"upper_bound":0.00487158747212437},"point_estimate":0.00486436114879816,"standard_error":3.181899392878772e-6},"std_dev":{"confidence_interval":{"confidence_level":0.95,"lower_bound":9.60544536306323e-6,"upper_bound":0.00005355582145450009},"point_estimate":0.00003363127500116082,"standard_error":0.00001251051107373522}}