{"mean":{"confidence_interval":{"confidence_level":0.95,"lower_bound":0.0048593813933812124,"upper_bound":0.00489079381913402},"point_estimate":0.004870731342710758,"standard_error":9.055326792292819e-6},"median":{"confidence_interval":{"confidence_level":0.95,"lower_bound":0.004854095165537,"upper_bound":0.004858070066006888},"point_estimate":0.004855987720030352,"standard_error":9.7866956982848e-7},"median_abs_dev":{"confidence_interval":{"confidence_level":0.95,"lower_bound":2.719804065367677e-6,"upper_bound":7.560656263034349e-6},"point_estimate":5.184633722632884e-6,"standard_error":1.1843757897606697e-6},"slope":{"confidence_interval":{"confidence_level":0.95,"lower_bound":0.00485808925699516,"upper_bound":0.004865709959726528},"point_estimate":0.004861360034573149,"standard_error":1.9748093243830983e-6},"std_dev":{"confidence_interval":{"confidence_level":0.95,"lower_bound":0.000011436778835393932,"upper_bound":0.00015402742016634407},"point_estimate":0.00009080952229880516,"standard_error":0.00004912965861828524}}