{"mean":{"confidence_interval":{"confidence_level":0.95,"lower_bound":106.37729748607396,"upper_bound":106.6837652663959},"point_estimate":106.51356327801673,"standard_error":0.07889827303703442},"median":{"confidence_interval":{"confidence_level":0.95,"lower_bound":106.26296684392128,"upper_bound":106.35106759951694},"point_estimate":106.30170820795323,"standard_error":0.021882775873326484},"median_abs_dev":{"confidence_interval":{"confidence_level":0.95,"lower_bound":0.15357159125142553,"upper_bound":0.2723533638296189},"point_estimate":0.20055267081691922,"standard_error":0.028493188624584262},"slope":{"confidence_interval":{"confidence_level":0.95,"lower_bound":106.35788949672451,"upper_bound":106.70013710700823},"point_estimate":106.51314053708217,"standard_error":0.08816767009092875},"std_dev":{"confidence_interval":{"confidence_level":0.95,"lower_bound":0.3698455824365327,"upper_bound":1.1803500915956322},"point_estimate":0.7964041160522702,"standard_error":0.21713970037703428}}