{"mean":{"confidence_interval":{"confidence_level":0.95,"lower_bound":0.02867861729204796,"upper_bound":0.05307553169740997},"point_estimate":0.039836097786629665,"standard_error":0.0062378113559733075},"median":{"confidence_interval":{"confidence_level":0.95,"lower_bound":0.03057005432396287,"upper_bound":0.043651393301733066},"point_estimate":0.03610296980951011,"standard_error":0.003310510558745261}}