{"mean":{"confidence_interval":{"confidence_level":0.95,"lower_bound":-0.0505749064281905,"upper_bound":-0.035396506406397396},"point_estimate":-0.04301068480598935,"standard_error":0.003878243310286174},"median":{"confidence_interval":{"confidence_level":0.95,"lower_bound":-0.049137231351029875,"upper_bound":-0.03544147771538286},"point_estimate":-0.04289927844559771,"standard_error":0.0036337084406713105}}