{"mean":{"confidence_interval":{"confidence_level":0.95,"lower_bound":0.011587376165670423,"upper_bound":0.03439208227777721},"point_estimate":0.023282924873039956,"standard_error":0.00581039480258342},"median":{"confidence_interval":{"confidence_level":0.95,"lower_bound":0.020572515108784106,"upper_bound":0.03414070314061207},"point_estimate":0.02819490606162156,"standard_error":0.0035650591194289444}}