{"mean":{"confidence_interval":{"confidence_level":0.95,"lower_bound":112.56688554548914,"upper_bound":113.04492964321366},"point_estimate":112.74829424900345,"standard_error":0.1315167730086991},"median":{"confidence_interval":{"confidence_level":0.95,"lower_bound":112.49749391536685,"upper_bound":112.63033562265834},"point_estimate":112.53882175751306,"standard_error":0.036617101014025745},"median_abs_dev":{"confidence_interval":{"confidence_level":0.95,"lower_bound":0.20483593561203176,"upper_bound":0.41311586046321364},"point_estimate":0.29131441356341053,"standard_error":0.05609904115715022},"slope":{"confidence_interval":{"confidence_level":0.95,"lower_bound":112.5162496949148,"upper_bound":112.63622018248115},"point_estimate":112.57420369516205,"standard_error":0.030421678067760676},"std_dev":{"confidence_interval":{"confidence_level":0.95,"lower_bound":0.314419395223934,"upper_bound":2.2224040259350515},"point_estimate":1.3267232293541145,"standard_error":0.6544101786560264}}