{"mean":{"confidence_interval":{"confidence_level":0.95,"lower_bound":0.13345639400623766,"upper_bound":0.14195487366163986},"point_estimate":0.13739502949198235,"standard_error":0.002207293360575027},"median":{"confidence_interval":{"confidence_level":0.95,"lower_bound":0.13495775101609997,"upper_bound":0.13824679854078137},"point_estimate":0.13631196984533855,"standard_error":0.0008086662959873417}}