{"mean":{"confidence_interval":{"confidence_level":0.95,"lower_bound":-0.11564162837162112,"upper_bound":-0.10778049456956394},"point_estimate":-0.11166500519184563,"standard_error":0.001996175698873218},"median":{"confidence_interval":{"confidence_level":0.95,"lower_bound":-0.11346863440983501,"upper_bound":-0.11087757714403168},"point_estimate":-0.11193195589196525,"standard_error":0.0006673840998433931}}