{"mean":{"confidence_interval":{"confidence_level":0.95,"lower_bound":-0.036135521152049516,"upper_bound":-0.03255705726831526},"point_estimate":-0.03435631096811831,"standard_error":0.0008888427069329502},"median":{"confidence_interval":{"confidence_level":0.95,"lower_bound":-0.03477080141739364,"upper_bound":-0.03331634669999706},"point_estimate":-0.03408957202216867,"standard_error":0.00034343917740963523}}