{"mean":{"confidence_interval":{"confidence_level":0.95,"lower_bound":0.034851610561315104,"upper_bound":0.05618213535865837},"point_estimate":0.044576895752821866,"standard_error":0.005471086442312959},"median":{"confidence_interval":{"confidence_level":0.95,"lower_bound":0.03208228596435192,"upper_bound":0.04356463144151701},"point_estimate":0.03750339309147699,"standard_error":0.0029541209300009536}}