{"mean":{"confidence_interval":{"confidence_level":0.95,"lower_bound":0.0015241534455881361,"upper_bound":0.011901364693765465},"point_estimate":0.006125516719044821,"standard_error":0.002682497985604086},"median":{"confidence_interval":{"confidence_level":0.95,"lower_bound":-0.0025381196918857762,"upper_bound":0.005533963820690671},"point_estimate":0.0009593392007760659,"standard_error":0.0020929630521927}}