{"mean":{"confidence_interval":{"confidence_level":0.95,"lower_bound":-0.037396206069867016,"upper_bound":-0.01783973030530672},"point_estimate":-0.02612333833413849,"standard_error":0.005056809654689497},"median":{"confidence_interval":{"confidence_level":0.95,"lower_bound":-0.02354085008729856,"upper_bound":-0.011945371174431951},"point_estimate":-0.01678153387894299,"standard_error":0.0028773324323443407}}