{"mean":{"confidence_interval":{"confidence_level":0.95,"lower_bound":0.12045490583805309,"upper_bound":0.12878309262736004},"point_estimate":0.12517941173234948,"standard_error":0.0021593548428223454},"median":{"confidence_interval":{"confidence_level":0.95,"lower_bound":0.12445724987002071,"upper_bound":0.12674006352190936},"point_estimate":0.12544783360561707,"standard_error":0.0005802940426897785}}