{"mean":{"confidence_interval":{"confidence_level":0.95,"lower_bound":-0.0010012947598372814,"upper_bound":0.005300727998953243},"point_estimate":0.001668304650166208,"standard_error":0.0015929885222191198},"median":{"confidence_interval":{"confidence_level":0.95,"lower_bound":0.00007785832668649739,"upper_bound":0.0006482449692299941},"point_estimate":0.00030791509118843763,"standard_error":0.00014680234671532845}}