{"mean":{"confidence_interval":{"confidence_level":0.95,"lower_bound":-0.11477811180362468,"upper_bound":-0.11054830618256029},"point_estimate":-0.11258763951125061,"standard_error":0.0010696933558003595},"median":{"confidence_interval":{"confidence_level":0.95,"lower_bound":-0.11268897797756514,"upper_bound":-0.11101301668531827},"point_estimate":-0.11170637195510014,"standard_error":0.00043891671127805205}}