{"mean":{"confidence_interval":{"confidence_level":0.95,"lower_bound":62623.64238312693,"upper_bound":62954.62684865731},"point_estimate":62794.013722845615,"standard_error":84.45144164645795},"median":{"confidence_interval":{"confidence_level":0.95,"lower_bound":62686.32336886304,"upper_bound":63040.02232142857},"point_estimate":62869.55483217593,"standard_error":98.67154117509314},"median_abs_dev":{"confidence_interval":{"confidence_level":0.95,"lower_bound":555.5262629556267,"upper_bound":855.8597027381452},"point_estimate":704.8057050678724,"standard_error":75.35476782431053},"slope":{"confidence_interval":{"confidence_level":0.95,"lower_bound":62723.0872527531,"upper_bound":63032.61313705714},"point_estimate":62875.9338739471,"standard_error":78.69288425669924},"std_dev":{"confidence_interval":{"confidence_level":0.95,"lower_bound":643.5516282811769,"upper_bound":1047.2321577520156},"point_estimate":846.3636661473172,"standard_error":103.76789590990407}}