{"mean":{"confidence_interval":{"confidence_level":0.95,"lower_bound":0.006244359176366582,"upper_bound":0.011120770481078917},"point_estimate":0.008916139578298177,"standard_error":0.0012405512096613977},"median":{"confidence_interval":{"confidence_level":0.95,"lower_bound":0.007737947259836675,"upper_bound":0.009332744659474645},"point_estimate":0.008728056686236885,"standard_error":0.0004146757101147866}}