{"mean":{"confidence_interval":{"confidence_level":0.95,"lower_bound":-0.017722694762516852,"upper_bound":-0.011121138250107689},"point_estimate":-0.01423647555885943,"standard_error":0.0016726175009013473},"median":{"confidence_interval":{"confidence_level":0.95,"lower_bound":-0.014538795157196582,"upper_bound":-0.01251588089812071},"point_estimate":-0.013583096441564524,"standard_error":0.0005050398442813474}}