{"mean":{"confidence_interval":{"confidence_level":0.95,"lower_bound":-0.02949440625746965,"upper_bound":-0.025491703478528603},"point_estimate":-0.027512399067009752,"standard_error":0.0010222223662467009},"median":{"confidence_interval":{"confidence_level":0.95,"lower_bound":-0.027586835119202013,"upper_bound":-0.02667895508068352},"point_estimate":-0.027213284958153117,"standard_error":0.0002236099266003739}}