{"mean":{"confidence_interval":{"confidence_level":0.95,"lower_bound":0.0028975473744223663,"upper_bound":0.008194901112762625},"point_estimate":0.005314119354021152,"standard_error":0.0013632513188756373},"median":{"confidence_interval":{"confidence_level":0.95,"lower_bound":0.004554440001777055,"upper_bound":0.005957756766592492},"point_estimate":0.005308617248976466,"standard_error":0.0003585875553514171}}