{"mean":{"confidence_interval":{"confidence_level":0.95,"lower_bound":0.031265404897997076,"upper_bound":0.03865262900850816},"point_estimate":0.0348406844544924,"standard_error":0.0018770456003036323},"median":{"confidence_interval":{"confidence_level":0.95,"lower_bound":0.03409933783111718,"upper_bound":0.03576129243325288},"point_estimate":0.034722473270647036,"standard_error":0.00041686066714876973}}