{"mean":{"confidence_interval":{"confidence_level":0.95,"lower_bound":-0.02039038224953116,"upper_bound":-0.014979318535698708},"point_estimate":-0.017503301811582217,"standard_error":0.0013691773968646614},"median":{"confidence_interval":{"confidence_level":0.95,"lower_bound":-0.017775212758275538,"upper_bound":-0.016530285446660464},"point_estimate":-0.01705897114533772,"standard_error":0.0003247205788216634}}