{"mean":{"confidence_interval":{"confidence_level":0.95,"lower_bound":-0.02180970541038457,"upper_bound":-0.015575719805137913},"point_estimate":-0.019300396639190254,"standard_error":0.001594729482770808},"median":{"confidence_interval":{"confidence_level":0.95,"lower_bound":-0.02055070661711611,"upper_bound":-0.02007487327348185},"point_estimate":-0.02034253542237785,"standard_error":0.00011881897266239774}}