{"mean":{"confidence_interval":{"confidence_level":0.95,"lower_bound":0.040113001207081236,"upper_bound":0.049165292312259794},"point_estimate":0.0445243408627396,"standard_error":0.0022388106250130595},"median":{"confidence_interval":{"confidence_level":0.95,"lower_bound":0.04422985014048793,"upper_bound":0.04514760735839163},"point_estimate":0.04472685411915123,"standard_error":0.00021924238275326552}}