{"mean":{"confidence_interval":{"confidence_level":0.95,"lower_bound":-0.0014562335122626502,"upper_bound":0.0018646421638130431},"point_estimate":0.00023312712462386642,"standard_error":0.0008402633601292867},"median":{"confidence_interval":{"confidence_level":0.95,"lower_bound":-0.00017312297889282569,"upper_bound":0.0003411715778577675},"point_estimate":0.0001223436849626669,"standard_error":0.00013738146145094202}}