{"mean":{"confidence_interval":{"confidence_level":0.95,"lower_bound":0.12985484453370089,"upper_bound":0.15254808409104972},"point_estimate":0.1411314994302708,"standard_error":0.005750714837963644},"median":{"confidence_interval":{"confidence_level":0.95,"lower_bound":0.13588340101590024,"upper_bound":0.1575476679076775},"point_estimate":0.14795085829462784,"standard_error":0.005507007442499475}}