{"mean":{"confidence_interval":{"confidence_level":0.95,"lower_bound":0.02369184696699474,"upper_bound":0.04428535435838229},"point_estimate":0.03388339691847042,"standard_error":0.005228576821218957},"median":{"confidence_interval":{"confidence_level":0.95,"lower_bound":0.021824083660383353,"upper_bound":0.044207936734974584},"point_estimate":0.03340280040360266,"standard_error":0.005603523145142637}}