{"mean":{"confidence_interval":{"confidence_level":0.95,"lower_bound":-0.152578698212458,"upper_bound":-0.13128974122254689},"point_estimate":-0.14237421008712636,"standard_error":0.005446267136840967},"median":{"confidence_interval":{"confidence_level":0.95,"lower_bound":-0.15642268500221834,"upper_bound":-0.13754270468215424},"point_estimate":-0.14752324347964318,"standard_error":0.0046434170455752245}}