{"mean":{"confidence_interval":{"confidence_level":0.95,"lower_bound":0.0023348652561812682,"upper_bound":0.005876160465114332},"point_estimate":0.004196749297892266,"standard_error":0.0009050448674298425},"median":{"confidence_interval":{"confidence_level":0.95,"lower_bound":0.0042844514631037445,"upper_bound":0.006754891370711835},"point_estimate":0.005840089175719987,"standard_error":0.0005841111495625571}}