{"mean":{"confidence_interval":{"confidence_level":0.95,"lower_bound":-0.005336367986568699,"upper_bound":-0.0016966314651099715},"point_estimate":-0.0035219026039720047,"standard_error":0.0009344086416114914},"median":{"confidence_interval":{"confidence_level":0.95,"lower_bound":-0.005899920728765995,"upper_bound":-0.0036418239717197487},"point_estimate":-0.005140223058469284,"standard_error":0.0005717712665583632}}