{"mean":{"confidence_interval":{"confidence_level":0.95,"lower_bound":0.006070844980270418,"upper_bound":0.012204843658058573},"point_estimate":0.00887391134427129,"standard_error":0.0015508305304642717},"median":{"confidence_interval":{"confidence_level":0.95,"lower_bound":0.0049052209019383375,"upper_bound":0.008512481514680302},"point_estimate":0.0069063304573961926,"standard_error":0.0010060996125349103}}