{"mean":{"confidence_interval":{"confidence_level":0.95,"lower_bound":0.0037002160884899273,"upper_bound":0.01237562903218153},"point_estimate":0.006884593929407323,"standard_error":0.002295578950785774},"median":{"confidence_interval":{"confidence_level":0.95,"lower_bound":0.003948128317393884,"upper_bound":0.005413439700394207},"point_estimate":0.0045552390733303305,"standard_error":0.0003551434625321899}}