{"mean":{"confidence_interval":{"confidence_level":0.95,"lower_bound":0.021115691473523407,"upper_bound":0.02654009140946905},"point_estimate":0.02396952774160188,"standard_error":0.0013609772061518967},"median":{"confidence_interval":{"confidence_level":0.95,"lower_bound":0.0230692478268939,"upper_bound":0.024464201957005827},"point_estimate":0.023961539412263644,"standard_error":0.000366095369969669}}