{"mean":{"confidence_interval":{"confidence_level":0.95,"lower_bound":-0.03237500424192553,"upper_bound":-0.02830547486989658},"point_estimate":-0.030040840324951246,"standard_error":0.0010423924310072647},"median":{"confidence_interval":{"confidence_level":0.95,"lower_bound":-0.029655344728391708,"upper_bound":-0.028629024684571514},"point_estimate":-0.02918234458839475,"standard_error":0.00026817785924901285}}