{"mean":{"confidence_interval":{"confidence_level":0.95,"lower_bound":0.008378488373791234,"upper_bound":0.012923573188123497},"point_estimate":0.010743225565329917,"standard_error":0.0011575776933228639},"median":{"confidence_interval":{"confidence_level":0.95,"lower_bound":0.010523893936598805,"upper_bound":0.01439203445532744},"point_estimate":0.012467219265370755,"standard_error":0.0009888113613645561}}