{"mean":{"confidence_interval":{"confidence_level":0.95,"lower_bound":-0.00017090825022519335,"upper_bound":0.00422644846393676},"point_estimate":0.0021534225587809264,"standard_error":0.0011114706909021253},"median":{"confidence_interval":{"confidence_level":0.95,"lower_bound":-0.0008189601822028534,"upper_bound":0.0030217271056887096},"point_estimate":0.0012489198964080739,"standard_error":0.000999535532256261}}