{"mean":{"confidence_interval":{"confidence_level":0.95,"lower_bound":-0.01203136339625983,"upper_bound":-0.007218926886761892},"point_estimate":-0.009825702975852613,"standard_error":0.0012612054198427988},"median":{"confidence_interval":{"confidence_level":0.95,"lower_bound":-0.013336089645417548,"upper_bound":-0.010310751812265534},"point_estimate":-0.011783833138534261,"standard_error":0.0007965648025967047}}