{"mean":{"confidence_interval":{"confidence_level":0.95,"lower_bound":0.03192625979203113,"upper_bound":0.044598102229713305},"point_estimate":0.03789260871357558,"standard_error":0.0031958663597653047},"median":{"confidence_interval":{"confidence_level":0.95,"lower_bound":0.03366575382046322,"upper_bound":0.04249762970991666},"point_estimate":0.03815193153097929,"standard_error":0.002197954757098248}}