{"mean":{"confidence_interval":{"confidence_level":0.95,"lower_bound":-0.015858901728455114,"upper_bound":-0.0033309685920517034},"point_estimate":-0.009619589846292631,"standard_error":0.0032028053764280593},"median":{"confidence_interval":{"confidence_level":0.95,"lower_bound":-0.0166266829020284,"upper_bound":-0.006345327526533354},"point_estimate":-0.011173760331457117,"standard_error":0.0026500097240661135}}