{"mean":{"confidence_interval":{"confidence_level":0.95,"lower_bound":-0.016937246156128134,"upper_bound":-0.005289142387208086},"point_estimate":-0.011046526807147461,"standard_error":0.00296140174591962},"median":{"confidence_interval":{"confidence_level":0.95,"lower_bound":-0.01231563283504622,"upper_bound":-0.0015631443147066104},"point_estimate":-0.0067445372524636005,"standard_error":0.0027736670264296467}}