{"mean":{"confidence_interval":{"confidence_level":0.95,"lower_bound":1092510.5676949727,"upper_bound":1105288.8742510467},"point_estimate":1098966.3014006307,"standard_error":3252.1395627869697},"median":{"confidence_interval":{"confidence_level":0.95,"lower_bound":1095495.31,"upper_bound":1110498.0994708994},"point_estimate":1102739.0336687306,"standard_error":3865.190212847209},"median_abs_dev":{"confidence_interval":{"confidence_level":0.95,"lower_bound":20724.149277341858,"upper_bound":34411.00849514052},"point_estimate":26745.66816637365,"standard_error":3617.4681657958076},"slope":{"confidence_interval":{"confidence_level":0.95,"lower_bound":1091937.0048572796,"upper_bound":1103970.2374000193},"point_estimate":1098019.3552563912,"standard_error":3069.360636560821},"std_dev":{"confidence_interval":{"confidence_level":0.95,"lower_bound":26868.112106089426,"upper_bound":38368.86886152476},"point_estimate":32777.42977193008,"standard_error":2948.4965653623512}}