{"mean":{"confidence_interval":{"confidence_level":0.95,"lower_bound":-0.005936611581742894,"upper_bound":0.0002946488518152419},"point_estimate":-0.002397283370513259,"standard_error":0.0016108613912648338},"median":{"confidence_interval":{"confidence_level":0.95,"lower_bound":-0.0001419650088776203,"upper_bound":0.00022442740199046796},"point_estimate":0.00003376150555123303,"standard_error":0.00009542174968798837}}