{"mean":{"confidence_interval":{"confidence_level":0.95,"lower_bound":-0.0037294118561683183,"upper_bound":0.004581572288906529},"point_estimate":0.00044680728818713433,"standard_error":0.0021013021316503974},"median":{"confidence_interval":{"confidence_level":0.95,"lower_bound":0.000060988337618805843,"upper_bound":0.000427213860077158},"point_estimate":0.00021921259935897552,"standard_error":0.00009338030487471388}}