{"mean":{"confidence_interval":{"confidence_level":0.95,"lower_bound":0.00018370066035385877,"upper_bound":0.005844747696793182},"point_estimate":0.002534192039305827,"standard_error":0.0015553873825190265},"median":{"confidence_interval":{"confidence_level":0.95,"lower_bound":-0.0003138861141354088,"upper_bound":-9.70111700293054e-6},"point_estimate":-0.00015842116932940353,"standard_error":0.00007830077136557929}}