{"mean":{"confidence_interval":{"confidence_level":0.95,"lower_bound":4.726987570536248,"upper_bound":4.741243315659023},"point_estimate":4.733575494097649,"standard_error":0.0036352103433461534},"median":{"confidence_interval":{"confidence_level":0.95,"lower_bound":4.722372730398571,"upper_bound":4.735423901458692},"point_estimate":4.7294754376365455,"standard_error":0.004165653902824811},"median_abs_dev":{"confidence_interval":{"confidence_level":0.95,"lower_bound":0.01830061952512816,"upper_bound":0.03365964155085785},"point_estimate":0.02628260975001804,"standard_error":0.004134292314698873},"slope":{"confidence_interval":{"confidence_level":0.95,"lower_bound":4.726001268658211,"upper_bound":4.7349850176547505},"point_estimate":4.730410561646464,"standard_error":0.002296055074512449},"std_dev":{"confidence_interval":{"confidence_level":0.95,"lower_bound":0.023321898437487543,"upper_bound":0.052044265605101114},"point_estimate":0.03656802617988447,"standard_error":0.008471677521243465}}