{"mean":{"confidence_interval":{"confidence_level":0.95,"lower_bound":-0.021899848622103486,"upper_bound":-0.006561332750309765},"point_estimate":-0.014384431406234466,"standard_error":0.003923773551820486},"median":{"confidence_interval":{"confidence_level":0.95,"lower_bound":-0.027007046907697087,"upper_bound":-0.008123335235222906},"point_estimate":-0.018469793844458793,"standard_error":0.0047263655151109476}}