{"mean":{"confidence_interval":{"confidence_level":0.95,"lower_bound":0.20627310544397923,"upper_bound":0.22346397959914946},"point_estimate":0.2144777105911959,"standard_error":0.004336362199171186},"median":{"confidence_interval":{"confidence_level":0.95,"lower_bound":0.20924915245693324,"upper_bound":0.22922388875369748},"point_estimate":0.218798090302341,"standard_error":0.005013161653555383}}