{"mean":{"confidence_interval":{"confidence_level":0.95,"lower_bound":-0.15706169034125964,"upper_bound":-0.1452620096626763},"point_estimate":-0.15111613602475282,"standard_error":0.0030011019045008275},"median":{"confidence_interval":{"confidence_level":0.95,"lower_bound":-0.15765224853204762,"upper_bound":-0.1458536539615185},"point_estimate":-0.15081730841583973,"standard_error":0.003182702680901285}}