{"mean":{"confidence_interval":{"confidence_level":0.95,"lower_bound":-0.011103925263048587,"upper_bound":-0.005562941830648677},"point_estimate":-0.00786560051576135,"standard_error":0.001426826744983524},"median":{"confidence_interval":{"confidence_level":0.95,"lower_bound":-0.007973213336384122,"upper_bound":-0.006144086873795862},"point_estimate":-0.006962929060942646,"standard_error":0.00048679675143335207}}