{"mean":{"confidence_interval":{"confidence_level":0.95,"lower_bound":-0.009217300499306521,"upper_bound":-0.005334715953474289},"point_estimate":-0.007283899261289251,"standard_error":0.0009895692652556174},"median":{"confidence_interval":{"confidence_level":0.95,"lower_bound":-0.008572710342899439,"upper_bound":-0.005590203470700494},"point_estimate":-0.007367636208390871,"standard_error":0.0008314265362858552}}