{"mean":{"confidence_interval":{"confidence_level":0.95,"lower_bound":-0.0034384524579490036,"upper_bound":0.0017904027967891164},"point_estimate":-0.0009137139950334827,"standard_error":0.0013481850414372018},"median":{"confidence_interval":{"confidence_level":0.95,"lower_bound":-0.0034663012724305657,"upper_bound":-0.0003479805093913324},"point_estimate":-0.0018175878999721062,"standard_error":0.0008680462722294368}}