{"mean":{"confidence_interval":{"confidence_level":0.95,"lower_bound":-0.0045884406015450655,"upper_bound":0.004768102713613491},"point_estimate":-0.00022009958077462421,"standard_error":0.002391547872357248},"median":{"confidence_interval":{"confidence_level":0.95,"lower_bound":-0.0011345231341607365,"upper_bound":-0.00022530919513319425},"point_estimate":-0.0007961109024278157,"standard_error":0.00023465039804713408}}