{"mean":{"confidence_interval":{"confidence_level":0.95,"lower_bound":-0.0033525816530284303,"upper_bound":0.0040766310461697935},"point_estimate":0.00011491821876874475,"standard_error":0.0018416928302848784},"median":{"confidence_interval":{"confidence_level":0.95,"lower_bound":-0.0006127509262254804,"upper_bound":0.000054379812501226255},"point_estimate":-0.0002339487998227474,"standard_error":0.00016948339577025387}}