{"mean":{"confidence_interval":{"confidence_level":0.95,"lower_bound":-0.01967507407091744,"upper_bound":-0.011068809689231534},"point_estimate":-0.01488883648579764,"standard_error":0.0022047451099236753},"median":{"confidence_interval":{"confidence_level":0.95,"lower_bound":-0.014383880243273972,"upper_bound":-0.013536184902785076},"point_estimate":-0.013976097731863701,"standard_error":0.0002120432647984449}}