{"mean":{"confidence_interval":{"confidence_level":0.95,"lower_bound":-0.0010350496535249914,"upper_bound":0.003722642669889731},"point_estimate":0.0011704572019621828,"standard_error":0.001220588571268775},"median":{"confidence_interval":{"confidence_level":0.95,"lower_bound":-0.0014713715743035483,"upper_bound":0.0023709045022883846},"point_estimate":0.00022643926495091726,"standard_error":0.00099964740623399}}