{"mean":{"confidence_interval":{"confidence_level":0.95,"lower_bound":0.006133492343905367,"upper_bound":0.009711591944902231},"point_estimate":0.008066663711829847,"standard_error":0.0009186752481684159},"median":{"confidence_interval":{"confidence_level":0.95,"lower_bound":0.006404102765719122,"upper_bound":0.010004572323363062},"point_estimate":0.008593621075895452,"standard_error":0.0009235461291822004}}