{"mean":{"confidence_interval":{"confidence_level":0.95,"lower_bound":-0.0027853780750962923,"upper_bound":0.004716100499780921},"point_estimate":0.0007895965463253773,"standard_error":0.0019547173671519537},"median":{"confidence_interval":{"confidence_level":0.95,"lower_bound":-0.0037344520183084985,"upper_bound":-0.00023665854024834676},"point_estimate":-0.0021915147056870143,"standard_error":0.0009018590806204414}}