{"mean":{"confidence_interval":{"confidence_level":0.95,"lower_bound":121.48389487850453,"upper_bound":121.80423428506451},"point_estimate":121.61913685717626,"standard_error":0.08306378277979386},"median":{"confidence_interval":{"confidence_level":0.95,"lower_bound":121.4103188273341,"upper_bound":121.57640255905511},"point_estimate":121.4997109201343,"standard_error":0.03705094119161044},"median_abs_dev":{"confidence_interval":{"confidence_level":0.95,"lower_bound":0.25285305679383774,"upper_bound":0.4058250127598276},"point_estimate":0.3164659113139689,"standard_error":0.03882303531215634},"slope":{"confidence_interval":{"confidence_level":0.95,"lower_bound":121.34522798423083,"upper_bound":121.60072702903675},"point_estimate":121.45303812343715,"standard_error":0.06569903389244895},"std_dev":{"confidence_interval":{"confidence_level":0.95,"lower_bound":0.3172054469331158,"upper_bound":1.3035503598848457},"point_estimate":0.8305679774475089,"standard_error":0.2838912581528328}}