{"mean":{"confidence_interval":{"confidence_level":0.95,"lower_bound":-0.005618980320679284,"upper_bound":-0.0017443673348282792},"point_estimate":-0.0036342566332144832,"standard_error":0.000988068467744697},"median":{"confidence_interval":{"confidence_level":0.95,"lower_bound":-0.00614563040861571,"upper_bound":-0.002090944780782311},"point_estimate":-0.004338544034785952,"standard_error":0.0010713586155455556}}