{"mean":{"confidence_interval":{"confidence_level":0.95,"lower_bound":0.0011138287585588493,"upper_bound":0.0074839128071561055},"point_estimate":0.004172610734400006,"standard_error":0.0016608024416781431},"median":{"confidence_interval":{"confidence_level":0.95,"lower_bound":0.0013367691721806185,"upper_bound":0.005156080981651647},"point_estimate":0.0036771578744725364,"standard_error":0.0009686232492068405}}