{"mean":{"confidence_interval":{"confidence_level":0.95,"lower_bound":-0.0025757985397102416,"upper_bound":0.004035865707950758},"point_estimate":0.0010263701073884857,"standard_error":0.0016778356007108941},"median":{"confidence_interval":{"confidence_level":0.95,"lower_bound":0.00040824013654039426,"upper_bound":0.004766305037068763},"point_estimate":0.0026129772674770013,"standard_error":0.0011331380795125278}}