{"mean":{"confidence_interval":{"confidence_level":0.95,"lower_bound":0.15114299590069924,"upper_bound":0.15651292190159272},"point_estimate":0.15370033793585502,"standard_error":0.001354875015665546},"median":{"confidence_interval":{"confidence_level":0.95,"lower_bound":0.15279290885850405,"upper_bound":0.15650926467173276},"point_estimate":0.1545546093294874,"standard_error":0.0009419348108407414}}