{"mean":{"confidence_interval":{"confidence_level":0.95,"lower_bound":-0.030491389361351477,"upper_bound":-0.026310925318009847},"point_estimate":-0.028484480083601382,"standard_error":0.001052899355630184},"median":{"confidence_interval":{"confidence_level":0.95,"lower_bound":-0.02902948386760351,"upper_bound":-0.027908874716186794},"point_estimate":-0.028687527820648095,"standard_error":0.00028522761348469353}}