{"mean":{"confidence_interval":{"confidence_level":0.95,"lower_bound":-0.12792265669719183,"upper_bound":-0.1243625919296937},"point_estimate":-0.12614470866090666,"standard_error":0.0009029614067285879},"median":{"confidence_interval":{"confidence_level":0.95,"lower_bound":-0.12781153703878775,"upper_bound":-0.12492337517879358},"point_estimate":-0.12628379181016047,"standard_error":0.000752058718009092}}