{"mean":{"confidence_interval":{"confidence_level":0.95,"lower_bound":-0.02099483885219812,"upper_bound":-0.011746699122403413},"point_estimate":-0.016151297086365757,"standard_error":0.002370340136489034},"median":{"confidence_interval":{"confidence_level":0.95,"lower_bound":-0.012606205599764775,"upper_bound":-0.0022938530617605535},"point_estimate":-0.0046400378179760615,"standard_error":0.002828282178176417}}