{"mean":{"confidence_interval":{"confidence_level":0.95,"lower_bound":-0.012315834240221759,"upper_bound":-0.002238172796261811},"point_estimate":-0.007181214321726803,"standard_error":0.002540172927639065},"median":{"confidence_interval":{"confidence_level":0.95,"lower_bound":-0.00967073897172488,"upper_bound":-0.0065827341675532836},"point_estimate":-0.00808875752987348,"standard_error":0.0008591468687865988}}