{"mean":{"confidence_interval":{"confidence_level":0.95,"lower_bound":0.002084916958701983,"upper_bound":0.01022240575138065},"point_estimate":0.005391005151716088,"standard_error":0.00210312454740018},"median":{"confidence_interval":{"confidence_level":0.95,"lower_bound":0.002264621565433833,"upper_bound":0.0038818611659188207},"point_estimate":0.003200604589459033,"standard_error":0.00043744947939936}}