{"mean":{"confidence_interval":{"confidence_level":0.95,"lower_bound":-0.005328629916894875,"upper_bound":0.0038129893151772425},"point_estimate":-0.0007871902960615573,"standard_error":0.0022897851272950295},"median":{"confidence_interval":{"confidence_level":0.95,"lower_bound":-0.0013066699483547106,"upper_bound":0.0006972573441519359},"point_estimate":-0.0005617667632961121,"standard_error":0.0005098092729732614}}