{"mean":{"confidence_interval":{"confidence_level":0.95,"lower_bound":-0.08156030751771531,"upper_bound":-0.06034177238027111},"point_estimate":-0.06960304075473911,"standard_error":0.005478174635431155},"median":{"confidence_interval":{"confidence_level":0.95,"lower_bound":-0.06191522212870859,"upper_bound":-0.05973194084861422},"point_estimate":-0.060512041735336086,"standard_error":0.0005591595649282227}}