{"mean":{"confidence_interval":{"confidence_level":0.95,"lower_bound":-0.0040283639681258756,"upper_bound":0.017968729545928677},"point_estimate":0.005728491171566263,"standard_error":0.0057240081552392946},"median":{"confidence_interval":{"confidence_level":0.95,"lower_bound":-0.006056839715898432,"upper_bound":-0.0038173588265532077},"point_estimate":-0.005100861188587769,"standard_error":0.0005608065487622872}}