{"mean":{"confidence_interval":{"confidence_level":0.95,"lower_bound":392.0564589110065,"upper_bound":393.5710375988738},"point_estimate":392.7056684137915,"standard_error":0.39354832362211206},"median":{"confidence_interval":{"confidence_level":0.95,"lower_bound":391.3453461298095,"upper_bound":392.40180771683123},"point_estimate":391.9159602247558,"standard_error":0.29991008933405655},"median_abs_dev":{"confidence_interval":{"confidence_level":0.95,"lower_bound":1.3799089355832634,"upper_bound":2.5409561855333056},"point_estimate":2.031847030069188,"standard_error":0.30253530611748525},"slope":{"confidence_interval":{"confidence_level":0.95,"lower_bound":391.22055061913517,"upper_bound":392.1460139347509},"point_estimate":391.6504452625325,"standard_error":0.2377424703244696},"std_dev":{"confidence_interval":{"confidence_level":0.95,"lower_bound":1.8841769908253876,"upper_bound":6.157108965845017},"point_estimate":3.971939561000927,"standard_error":1.3644871769090232}}