{"mean":{"confidence_interval":{"confidence_level":0.95,"lower_bound":-0.021385851075203886,"upper_bound":-0.01661092145407552},"point_estimate":-0.01904242338046569,"standard_error":0.0012085524154095938},"median":{"confidence_interval":{"confidence_level":0.95,"lower_bound":-0.020444523615730126,"upper_bound":-0.016404133352484362},"point_estimate":-0.018007922005755184,"standard_error":0.0010683444980782238}}