{"mean":{"confidence_interval":{"confidence_level":0.95,"lower_bound":-0.01960662208327994,"upper_bound":-0.009780796078284318},"point_estimate":-0.015453299256141695,"standard_error":0.0024083468537021402},"median":{"confidence_interval":{"confidence_level":0.95,"lower_bound":-0.020792030989032817,"upper_bound":-0.015826546449204497},"point_estimate":-0.018481151665275086,"standard_error":0.0012565338316140936}}