{"mean":{"confidence_interval":{"confidence_level":0.95,"lower_bound":0.02601817294457854,"upper_bound":0.035957927076946866},"point_estimate":0.031632183196446784,"standard_error":0.002568643405274273},"median":{"confidence_interval":{"confidence_level":0.95,"lower_bound":0.030701557084098496,"upper_bound":0.03562710500054344},"point_estimate":0.03285216877804831,"standard_error":0.0013268511469201462}}