{"mean":{"confidence_interval":{"confidence_level":0.95,"lower_bound":0.009683649395155265,"upper_bound":0.014269920611357421},"point_estimate":0.011950368513494736,"standard_error":0.00117292430395225},"median":{"confidence_interval":{"confidence_level":0.95,"lower_bound":0.010498250939115827,"upper_bound":0.013474536291703709},"point_estimate":0.011935241312844846,"standard_error":0.000740912416425748}}