{"mean":{"confidence_interval":{"confidence_level":0.95,"lower_bound":-0.009485487653001348,"upper_bound":-0.005499710414455831},"point_estimate":-0.007537533499702653,"standard_error":0.0010173099379944335},"median":{"confidence_interval":{"confidence_level":0.95,"lower_bound":-0.00753660862399308,"upper_bound":-0.005165137241568147},"point_estimate":-0.006416925303767695,"standard_error":0.0006267504841680463}}