{"mean":{"confidence_interval":{"confidence_level":0.95,"lower_bound":-0.011960044242525903,"upper_bound":-0.007794645102650048},"point_estimate":-0.00989213697818514,"standard_error":0.001063053142341443},"median":{"confidence_interval":{"confidence_level":0.95,"lower_bound":-0.012912365554409666,"upper_bound":-0.009723444691267206},"point_estimate":-0.011611882735858337,"standard_error":0.0008262236193261348}}