{"mean":{"confidence_interval":{"confidence_level":0.95,"lower_bound":0.007087687351452965,"upper_bound":0.011949122746382473},"point_estimate":0.009427641040033574,"standard_error":0.0012436131845683382},"median":{"confidence_interval":{"confidence_level":0.95,"lower_bound":0.0067908690533389215,"upper_bound":0.012972218120863051},"point_estimate":0.009452789290127717,"standard_error":0.001552064347388414}}