{"mean":{"confidence_interval":{"confidence_level":0.95,"lower_bound":-0.008322899375222724,"upper_bound":-0.0037851283007541655},"point_estimate":-0.00600544174076223,"standard_error":0.0011534568865574323},"median":{"confidence_interval":{"confidence_level":0.95,"lower_bound":-0.00811133042072787,"upper_bound":-0.003587475388303618},"point_estimate":-0.005493012091994931,"standard_error":0.0011514597344244718}}