{"mean":{"confidence_interval":{"confidence_level":0.95,"lower_bound":0.0055693396362940266,"upper_bound":0.01042846662817387},"point_estimate":0.00805075523272003,"standard_error":0.0012387361967016578},"median":{"confidence_interval":{"confidence_level":0.95,"lower_bound":0.005836741628448161,"upper_bound":0.010335659699680387},"point_estimate":0.008248574389366325,"standard_error":0.001170456770973375}}