{"mean":{"confidence_interval":{"confidence_level":0.95,"lower_bound":0.009449106743624121,"upper_bound":0.013114984214767927},"point_estimate":0.011189073614847889,"standard_error":0.0009371738516263964},"median":{"confidence_interval":{"confidence_level":0.95,"lower_bound":0.009444134089843015,"upper_bound":0.013084960534144097},"point_estimate":0.011209768270270981,"standard_error":0.0010177045619527505}}