{"mean":{"confidence_interval":{"confidence_level":0.95,"lower_bound":-0.00749084689105084,"upper_bound":-0.0002650476086877305},"point_estimate":-0.003953444476039958,"standard_error":0.0018097213986560802},"median":{"confidence_interval":{"confidence_level":0.95,"lower_bound":-0.009038767171587136,"upper_bound":-0.004763102015285403},"point_estimate":-0.006910568597842559,"standard_error":0.0011479913318524632}}