{"mean":{"confidence_interval":{"confidence_level":0.95,"lower_bound":-0.0027007597438398713,"upper_bound":0.0013145212561473992},"point_estimate":-0.000598909665127767,"standard_error":0.0010217792706404317},"median":{"confidence_interval":{"confidence_level":0.95,"lower_bound":-0.000031047064572020666,"upper_bound":0.002099680084606259},"point_estimate":0.0010122825370191268,"standard_error":0.0005151108777704874}}