{"mean":{"confidence_interval":{"confidence_level":0.95,"lower_bound":0.00021839197688112158,"upper_bound":0.008138127323514198},"point_estimate":0.0041072011096769945,"standard_error":0.0020723933502300434},"median":{"confidence_interval":{"confidence_level":0.95,"lower_bound":-0.0010726500892923858,"upper_bound":0.0032491460516099746},"point_estimate":0.001003192209320769,"standard_error":0.001110275579200212}}