{"mean":{"confidence_interval":{"confidence_level":0.95,"lower_bound":-0.004202577315614087,"upper_bound":-0.0010173609419520226},"point_estimate":-0.0024802446096399144,"standard_error":0.0008117059660650862},"median":{"confidence_interval":{"confidence_level":0.95,"lower_bound":-0.00306003132699173,"upper_bound":-0.0006272510738052878},"point_estimate":-0.0017861294188613597,"standard_error":0.0005999754448833816}}