{"mean":{"confidence_interval":{"confidence_level":0.95,"lower_bound":0.004440996708104555,"upper_bound":0.008269559931715164},"point_estimate":0.006238668145083892,"standard_error":0.0009843828567592645},"median":{"confidence_interval":{"confidence_level":0.95,"lower_bound":0.0034466447115220067,"upper_bound":0.006123539104759705},"point_estimate":0.004658268922276276,"standard_error":0.0006330786075540406}}