{"mean":{"confidence_interval":{"confidence_level":0.95,"lower_bound":7.160697348526257,"upper_bound":7.179408209080769},"point_estimate":7.169854652320186,"standard_error":0.004778131889691071},"median":{"confidence_interval":{"confidence_level":0.95,"lower_bound":7.161636415729309,"upper_bound":7.179160776215919},"point_estimate":7.168646867651536,"standard_error":0.0049157875714532905},"median_abs_dev":{"confidence_interval":{"confidence_level":0.95,"lower_bound":0.023826073481544592,"upper_bound":0.040646072730278794},"point_estimate":0.033173491309798936,"standard_error":0.004468049416629519},"slope":{"confidence_interval":{"confidence_level":0.95,"lower_bound":7.160702243539487,"upper_bound":7.174755386821185},"point_estimate":7.167686781284927,"standard_error":0.0035756853818736107},"std_dev":{"confidence_interval":{"confidence_level":0.95,"lower_bound":0.036408136080369365,"upper_bound":0.05841513083914245},"point_estimate":0.048016310443309757,"standard_error":0.005659473745764804}}