{"mean":{"confidence_interval":{"confidence_level":0.95,"lower_bound":-0.005850715756001293,"upper_bound":0.001801038038405339},"point_estimate":-0.0014308771539185416,"standard_error":0.0019619309017516024},"median":{"confidence_interval":{"confidence_level":0.95,"lower_bound":-0.0009760801803742059,"upper_bound":0.0001298202265256343},"point_estimate":-0.0003410408298101242,"standard_error":0.000281155749113381}}