{"mean":{"confidence_interval":{"confidence_level":0.95,"lower_bound":-0.006204765797609645,"upper_bound":0.003635484844589639},"point_estimate":-0.0013919042085086542,"standard_error":0.0024934700886131028},"median":{"confidence_interval":{"confidence_level":0.95,"lower_bound":-0.00045509328274129235,"upper_bound":0.0006387555030034076},"point_estimate":0.00005413419388689,"standard_error":0.0002679558203356098}}