{"mean":{"confidence_interval":{"confidence_level":0.95,"lower_bound":-0.002370138316040762,"upper_bound":0.005705791471342953},"point_estimate":0.0012420399070607324,"standard_error":0.002020446659634649},"median":{"confidence_interval":{"confidence_level":0.95,"lower_bound":-0.00028704044857008615,"upper_bound":0.0008259256932781067},"point_estimate":0.0003382619661524977,"standard_error":0.0002838028814711503}}