{"mean":{"confidence_interval":{"confidence_level":0.95,"lower_bound":-0.008670882872907975,"upper_bound":-0.00020676631086868953},"point_estimate":-0.003898921275222067,"standard_error":0.002183047893566944},"median":{"confidence_interval":{"confidence_level":0.95,"lower_bound":-0.001184915672864606,"upper_bound":-0.00004872128371957718},"point_estimate":-0.0006674967797233311,"standard_error":0.00029369001683417434}}