{"mean":{"confidence_interval":{"confidence_level":0.95,"lower_bound":-0.008457057622575226,"upper_bound":0.005511995772062255},"point_estimate":-0.001290216557237378,"standard_error":0.0035630871705945246},"median":{"confidence_interval":{"confidence_level":0.95,"lower_bound":0.00024988576578510724,"upper_bound":0.0014604947300032034},"point_estimate":0.0008628560798564777,"standard_error":0.0003074494641224303}}