{"mean":{"confidence_interval":{"confidence_level":0.95,"lower_bound":-0.0019385996597645367,"upper_bound":0.005499782323967315},"point_estimate":0.0010974598655770773,"standard_error":0.0018982214920431385},"median":{"confidence_interval":{"confidence_level":0.95,"lower_bound":-0.0011940531778250607,"upper_bound":-0.00002801212379655027},"point_estimate":-0.0005415606874550338,"standard_error":0.0002961031786251392}}