{"mean":{"confidence_interval":{"confidence_level":0.95,"lower_bound":2258.679974569019,"upper_bound":2265.737530592535},"point_estimate":2261.4231894997133,"standard_error":1.879473176581769},"median":{"confidence_interval":{"confidence_level":0.95,"lower_bound":2257.527128659683,"upper_bound":2260.690410958904},"point_estimate":2258.9809187768096,"standard_error":0.825103670981694},"median_abs_dev":{"confidence_interval":{"confidence_level":0.95,"lower_bound":4.578801544576642,"upper_bound":7.668303141746847},"point_estimate":5.860827558981179,"standard_error":0.8154368608098863},"slope":{"confidence_interval":{"confidence_level":0.95,"lower_bound":2259.517752613304,"upper_bound":2262.6396822264605},"point_estimate":2261.0549114390074,"standard_error":0.7965824959071768},"std_dev":{"confidence_interval":{"confidence_level":0.95,"lower_bound":5.688471682381682,"upper_bound":31.32744873157573},"point_estimate":18.949610363457833,"standard_error":8.692048165175168}}