{"mean":{"confidence_interval":{"confidence_level":0.95,"lower_bound":-0.007134639620349095,"upper_bound":-0.0027204970084190355},"point_estimate":-0.004881794568689313,"standard_error":0.001123485762543725},"median":{"confidence_interval":{"confidence_level":0.95,"lower_bound":-0.005672647787082652,"upper_bound":-0.0032607347939491715},"point_estimate":-0.004748748464924013,"standard_error":0.00062015966686055}}