{"mean":{"confidence_interval":{"confidence_level":0.95,"lower_bound":0.0036643960586593975,"upper_bound":0.006956299737431326},"point_estimate":0.005358735812570847,"standard_error":0.0008367492311484449},"median":{"confidence_interval":{"confidence_level":0.95,"lower_bound":0.004770048985635933,"upper_bound":0.0076591067726716755},"point_estimate":0.006334226536070409,"standard_error":0.0007485638608460516}}