{"mean":{"confidence_interval":{"confidence_level":0.95,"lower_bound":0.004720666745319191,"upper_bound":0.008331860979803499},"point_estimate":0.006510813134231963,"standard_error":0.0009165890044923599},"median":{"confidence_interval":{"confidence_level":0.95,"lower_bound":0.004741425714558156,"upper_bound":0.008591542645668415},"point_estimate":0.006914370506075018,"standard_error":0.001031154307924636}}