{"mean":{"confidence_interval":{"confidence_level":0.95,"lower_bound":-0.0002461435226015577,"upper_bound":0.002101160365326702},"point_estimate":0.0005816669998166546,"standard_error":0.000617510411418721},"median":{"confidence_interval":{"confidence_level":0.95,"lower_bound":-0.00011490804364977514,"upper_bound":0.00023948764681414037},"point_estimate":0.00010112024584874035,"standard_error":0.00008810943433024766}}