{"mean":{"confidence_interval":{"confidence_level":0.95,"lower_bound":-0.0014137459718136676,"upper_bound":0.0004973011967343066},"point_estimate":-0.00025240716655738904,"standard_error":0.0005173860802502802},"median":{"confidence_interval":{"confidence_level":0.95,"lower_bound":-0.00009315398609466286,"upper_bound":0.00024177300228089255},"point_estimate":0.00002071305455331185,"standard_error":0.00008598338517069103}}