{"mean":{"confidence_interval":{"confidence_level":0.95,"lower_bound":-0.0018383246672308423,"upper_bound":0.0008169789697248563},"point_estimate":-0.0003704295696501658,"standard_error":0.0006677851239604236},"median":{"confidence_interval":{"confidence_level":0.95,"lower_bound":-0.00024278555537693425,"upper_bound":0.00007791853364912369},"point_estimate":-0.000031938192559421985,"standard_error":0.00007666311711145298}}