{"mean":{"confidence_interval":{"confidence_level":0.95,"lower_bound":10861429.48863212,"upper_bound":10874701.609607842},"point_estimate":10867756.299990661,"standard_error":3407.105614708437},"median":{"confidence_interval":{"confidence_level":0.95,"lower_bound":10857784.12605042,"upper_bound":10876728.274999999},"point_estimate":10865777.917647058,"standard_error":3992.8405438849277},"median_abs_dev":{"confidence_interval":{"confidence_level":0.95,"lower_bound":1292.1251223519719,"upper_bound":20053.71151073909},"point_estimate":11214.103800910123,"standard_error":4749.787180609348},"slope":{"confidence_interval":{"confidence_level":0.95,"lower_bound":10862294.787665442,"upper_bound":10881779.611118294},"point_estimate":10874279.809931245,"standard_error":4963.812804400558},"std_dev":{"confidence_interval":{"confidence_level":0.95,"lower_bound":5477.12013925811,"upper_bound":14249.596133835737},"point_estimate":11342.904896522026,"standard_error":2234.4663396157907}}