{"mean":{"confidence_interval":{"confidence_level":0.95,"lower_bound":-0.0034764717031538655,"upper_bound":0.004767990144162964},"point_estimate":0.000015705739039084676,"standard_error":0.0021076773569723723},"median":{"confidence_interval":{"confidence_level":0.95,"lower_bound":-0.0011783260366244911,"upper_bound":-0.00013687169030174307},"point_estimate":-0.0006196691746631622,"standard_error":0.00027985609902639503}}