{"mean":{"confidence_interval":{"confidence_level":0.95,"lower_bound":-0.0010830408249584004,"upper_bound":0.004962702028428566},"point_estimate":0.0012590394545393124,"standard_error":0.0015283866174891},"median":{"confidence_interval":{"confidence_level":0.95,"lower_bound":0.00001605016481986965,"upper_bound":0.0006599401628750723},"point_estimate":0.0003580069803850172,"standard_error":0.00016317982831890623}}