{"mean":{"confidence_interval":{"confidence_level":0.95,"lower_bound":0.00873908092443982,"upper_bound":0.015210738274170759},"point_estimate":0.012566549272129857,"standard_error":0.0016912035253453187},"median":{"confidence_interval":{"confidence_level":0.95,"lower_bound":0.013822531215926803,"upper_bound":0.014454169468314015},"point_estimate":0.01416691203779763,"standard_error":0.00016015752949009266}}