{"mean":{"confidence_interval":{"confidence_level":0.95,"lower_bound":-0.02544871744995999,"upper_bound":-0.011611445945687787},"point_estimate":-0.01866583275131317,"standard_error":0.003513434915644774},"median":{"confidence_interval":{"confidence_level":0.95,"lower_bound":-0.02286431911669029,"upper_bound":-0.006709781904734924},"point_estimate":-0.015176411536144019,"standard_error":0.00433741641633399}}