{"mean":{"confidence_interval":{"confidence_level":0.95,"lower_bound":-0.06903909260263878,"upper_bound":-0.05851488836564787},"point_estimate":-0.06372337053992527,"standard_error":0.0026646363757347074},"median":{"confidence_interval":{"confidence_level":0.95,"lower_bound":-0.0689545221416138,"upper_bound":-0.060386932341950424},"point_estimate":-0.06425730589424872,"standard_error":0.0024325573322601522}}