{"mean":{"confidence_interval":{"confidence_level":0.95,"lower_bound":0.10296335575242997,"upper_bound":0.11300148850740428},"point_estimate":0.10784049654748262,"standard_error":0.0025568507207515663},"median":{"confidence_interval":{"confidence_level":0.95,"lower_bound":0.10345042601986387,"upper_bound":0.1142763561043334},"point_estimate":0.10919939147498736,"standard_error":0.0029834908161000605}}